Country Name,Indicator Name,2000,2001,2002,2003,2004,2005,2006,2007,2008,2009,2010,2011,2012,2013,2014,2015,2016,2017,2018,2019
Aruba,"Employment to population ratio, ages 15-24, female (%) (modeled ILO estimate)",,,,,,,,,,,,,,,,,,,,
Afghanistan,"Employment to population ratio, ages 15-24, female (%) (modeled ILO estimate)",33.66600037,34.2179985,34.74200058,35.37799835,36.05500031,36.60599899,36.01300049,35.63399887,34.97900009,34.38100052,34.18000031,34.81700134,35.73699951,36.6969986,37.79399872,38.95999908,39.75400162,40.55500031,40.76499939,40.96500015
Angola,"Employment to population ratio, ages 15-24, female (%) (modeled ILO estimate)",24.77199936,24.41399956,23.23699951,23.01300049,23.3220005,28.34399986,32.91799927,37.43399811,41.1269989,43.41400146,45.70199966,47.94599915,47.9109993,47.72600174,47.62200165,47.59700012,47.50799942,47.48199844,47.23300171,47.20100021
Albania,"Employment to population ratio, ages 15-24, female (%) (modeled ILO estimate)",35.7820015,34.7179985,33.92100143,31.55500031,29.41600037,27.5340004,25.89699936,24.36800003,22.30699921,20.65800095,17.9829998,21.88800049,21.38100052,14.72700024,13.81000042,13.34500027,15.04800034,16.47900009,16.80200005,17.10899925
Andorra,"Employment to population ratio, ages 15-24, female (%) (modeled ILO estimate)",,,,,,,,,,,,,,,,,,,,
Arab World,"Employment to population ratio, ages 15-24, female (%) (modeled ILO estimate)",11.19469439,10.58292343,11.41401826,11.22192292,10.68383721,10.18164848,9.897996841,9.868234931,9.482512503,9.116001878,8.715452474,8.498734107,8.220750154,8.51329303,8.540862989,8.651244774,8.537949737,8.507437414,8.319322882,8.154306129
United Arab Emirates,"Employment to population ratio, ages 15-24, female (%) (modeled ILO estimate)",22.08099937,22.1609993,22.44000053,22.62800026,22.79500008,23.02499962,23.63100052,24.29400063,25.06599998,25.43700027,26.11400032,26.20499992,26.09900093,25.94799995,25.8390007,25.81599998,25.71100044,25.97699928,26.31599998,26.57699966
Argentina,"Employment to population ratio, ages 15-24, female (%) (modeled ILO estimate)",24.86199951,24.04100037,22.52599907,24.11599922,25.65699959,25.47599983,26.92000008,27.49699974,27.17300034,25.88500023,24.49600029,24.93199921,24.11000061,23.7670002,23.08600044,22.86499977,22.46800041,22.1420002,21.12100029,20.48900032
Armenia,"Employment to population ratio, ages 15-24, female (%) (modeled ILO estimate)",21.59000015,21.74699974,21.91600037,22.19099998,22.47100067,22.91200066,23.41200066,23.97400093,19.19199944,15.12899971,14.9289999,17.55400085,18.04500008,19.24900055,18.42700005,22.62599945,16.45199966,15.61100006,15.56799984,15.58300018
American Samoa,"Employment to population ratio, ages 15-24, female (%) (modeled ILO estimate)",,,,,,,,,,,,,,,,,,,,
Antigua and Barbuda,"Employment to population ratio, ages 15-24, female (%) (modeled ILO estimate)",,,,,,,,,,,,,,,,,,,,
Australia,"Employment to population ratio, ages 15-24, female (%) (modeled ILO estimate)",60.75400162,60.52700043,60.15200043,61.17599869,61.55799866,62.35900116,62.87400055,63.24300003,63.50500107,60.7179985,59.72499847,60.1590004,59.39699936,58.64899826,57.90000153,58.68000031,58.62799835,58.47100067,58.7179985,58.40399933
Austria,"Employment to population ratio, ages 15-24, female (%) (modeled ILO estimate)",48.66899872,47.24399948,47.69400024,46.23099899,45.06499863,48.43500137,48.79499817,50.67699814,51.32300186,50.45199966,48.84600067,49.70600128,50.22600174,49.78499985,49.9679985,48.86299896,49.01599884,48.78699875,48.4129982,48.62200165
Azerbaijan,"Employment to population ratio, ages 15-24, female (%) (modeled ILO estimate)",34.72100067,34.13199997,33.54600143,32.98099899,32.5530014,31.95000076,31.63100052,31.42700005,30.90600014,28.40200043,28.16200066,27.16500092,26.97500038,28.29500008,29.06299973,30.5890007,33.0379982,34.94800186,34.23400116,33.24000168
Burundi,"Employment to population ratio, ages 15-24, female (%) (modeled ILO estimate)",69.53500366,68.71499634,67.77500153,66.92700195,66.03900146,65.22299957,64.43199921,63.64199829,62.7120018,61.58300018,60.58599854,59.59600067,58.59999847,57.56000137,56.5340004,56.61700058,56.71699905,56.83200073,56.52299881,56.23699951
Belgium,"Employment to population ratio, ages 15-24, female (%) (modeled ILO estimate)",26.58200073,24.51199913,25.05699921,23.26099968,25.53100014,25.20800018,24.96100044,25.27499962,25.23500061,23.22699928,22.95000076,23.86199951,22.23999977,21.56200027,21.65399933,21.72400093,21.52599907,20.93300056,21.00699997,20.70599937
Benin,"Employment to population ratio, ages 15-24, female (%) (modeled ILO estimate)",57.19200134,57.53900146,57.84899902,56.05400085,54.26300049,52.47999954,50.77199936,49.12200165,47.39899826,45.52799988,43.85300064,44.36899948,44.22000122,44.18999863,44.19499969,44.11500168,44.08800125,44.22900009,44.09799957,43.97900009
Burkina Faso,"Employment to population ratio, ages 15-24, female (%) (modeled ILO estimate)",62.54600143,61.36199951,60.15499878,59.04199982,57.28300095,55.5359993,54.6230011,53.44200134,51.5890007,49.22399902,47.19599915,45.24200058,43.18799973,41.16500092,39.42900085,39.14199829,39.3730011,39.57799911,39.38199997,39.07600021
Bangladesh,"Employment to population ratio, ages 15-24, female (%) (modeled ILO estimate)",19.27700043,19.38800049,19.66600037,20.05800056,19.3010006,18.40299988,18.32299995,18.62999916,18.90699959,18.93600082,20.20700073,20.21699905,20.2159996,20.17200089,20.1439991,20.08600044,20.06399918,21.67399979,21.94400024,22.11599922
Bulgaria,"Employment to population ratio, ages 15-24, female (%) (modeled ILO estimate)",18.34700012,21.62599945,20.58600044,20.44199944,20.75099945,20.63800049,22.59300041,23.47999954,25.0359993,23.44599915,21.3939991,18.85099983,18.56699944,18.14299965,17.17200089,16.64100075,16.62000084,19.58499908,18.91900063,18.43000031
Bahrain,"Employment to population ratio, ages 15-24, female (%) (modeled ILO estimate)",22.45499992,22.73500061,22.70499992,22.7159996,22.78499985,22.88100052,22.9090004,22.90500069,22.77199936,22.55800056,22.57999992,20.72100067,21.57799911,22.50699997,23.56299973,24.68000031,25.19599915,25.43199921,25.03199959,24.29199982
"Bahamas, The","Employment to population ratio, ages 15-24, female (%) (modeled ILO estimate)",37.79000092,39.68299866,36.94800186,33.45600128,34.62200165,34.8769989,37.43500137,36.20700073,36.68399811,31.56500053,31.47599983,31.34300041,30.10199928,27.70400047,28.82299995,29.63599968,27.78499985,27.26399994,28.04000092,28.48500061
Bosnia and Herzegovina,"Employment to population ratio, ages 15-24, female (%) (modeled ILO estimate)",9.718000412,9.32199955,8.819000244,8.456000328,8.130000114,9.140999794,8.706000328,9.31000042,12.1619997,12.3739996,9.972999573,10.3380003,9.416999817,9.795999527,8.539999962,8.204000473,9.425999641,11.40699959,11.51399994,11.50699997
Belarus,"Employment to population ratio, ages 15-24, female (%) (modeled ILO estimate)",33.09700012,33.57600021,34.00799942,34.71900177,35.58499908,36.44100189,37.57600021,38.81700134,40.07500076,40.83399963,41.50999832,41.86299896,42.125,42.28499985,42.28499985,42.11600113,41.82699966,41.39899826,40.36500168,39.38399887
Belize,"Employment to population ratio, ages 15-24, female (%) (modeled ILO estimate)",24.6989994,26.40800095,27.03000069,27.00900078,27.08499908,27.32699966,29.17200089,30.80500031,31.38199997,30.16300011,29.29400063,28.62299919,27.64800072,27.22500038,24.86300087,25.93400002,27.25099945,25.07999992,25.74600029,26.14299965
Bermuda,"Employment to population ratio, ages 15-24, female (%) (modeled ILO estimate)",,,,,,,,,,,,,,,,,,,,
Bolivia,"Employment to population ratio, ages 15-24, female (%) (modeled ILO estimate)",40.2519989,40.79399872,41.38600159,41.94900131,42.59999847,43.38999939,44.29700089,40.53699875,42.25299835,42.70700073,42.37900162,42.13899994,35.35499954,37.45500183,40.11899948,32.04700089,39.83399963,31.69400024,31.35199928,31.17000008
Brazil,"Employment to population ratio, ages 15-24, female (%) (modeled ILO estimate)",37.17100143,37.6969986,38.79399872,37.90800095,39.82500076,40.26699829,40.27899933,40.97600174,41.38899994,39.80799866,39.54700089,39.05500031,39.1609993,38.48699951,38.20399857,36.01100159,33.17900085,32.98899841,33.36700058,33.65499878
Barbados,"Employment to population ratio, ages 15-24, female (%) (modeled ILO estimate)",41.95399857,40.29100037,39.71699905,37.9640007,38.61999893,37.70899963,38.01900101,38.29800034,36.28300095,34.75400162,34.64500046,32.80500031,28.38400078,28.69400024,26.93099976,26.7329998,31.1779995,30.56699944,30.59600067,30.23800087
Brunei Darussalam,"Employment to population ratio, ages 15-24, female (%) (modeled ILO estimate)",34.87099838,34.72200012,33.66699982,33.00600052,32.92200089,33.0909996,32.45399857,31.82600021,31.53300095,30.68000031,30.22400093,29.4470005,28.68000031,28.09300041,27.69499969,26.79700089,25.98500061,25.50600052,25.44799995,25.20499992
Bhutan,"Employment to population ratio, ages 15-24, female (%) (modeled ILO estimate)",38.65299988,39.93500137,42.12599945,44.29399872,45.20500183,46.61600113,46.84500122,46.36000061,46.62900162,45.70899963,41.94100189,36.13000107,34.42300034,29.04899979,27.25600052,30.91600037,30.35300064,29.86599922,29.63800049,29.43400002
Botswana,"Employment to population ratio, ages 15-24, female (%) (modeled ILO estimate)",22.67700005,19.12800026,18.13999939,17.31100082,19.72800064,21.88100052,23.9489994,23.4810009,22.72200012,21.31500053,19.90200043,21.13800049,22.53000069,23.75900078,23.5170002,23.68499947,23.62700081,23.61700058,23.59600067,23.57699966
Central African Republic,"Employment to population ratio, ages 15-24, female (%) (modeled ILO estimate)",43.54499817,43.66799927,43.63000107,43.61700058,43.75099945,43.95500183,44.47200012,44.92399979,45.1780014,44.70600128,44.59600067,44.79000092,45.04999924,45.1629982,45.37599945,45.59799957,45.53099823,45.49000168,45.62900162,45.76100159
Canada,"Employment to population ratio, ages 15-24, female (%) (modeled ILO estimate)",55.71300125,56.17100143,57.56000137,58.54999924,58.18600082,58.72299957,59.36700058,59.86800003,60.13299942,57.37799835,56.81299973,56.47200012,55.47100067,55.91699982,56.87400055,57.19499969,56.81399918,57.66899872,57.44900131,57.15599823
Central Europe and the Baltics,"Employment to population ratio, ages 15-24, female (%) (modeled ILO estimate)",25.52207411,25.28123808,23.10996708,21.58715217,21.53717118,21.02076191,21.65840306,22.26064947,22.68326427,21.70931747,20.73945907,19.33294137,19.48931335,19.15346593,20.4097716,21.37448953,22.3909837,24.1852575,24.25996086,23.95025651
Switzerland,"Employment to population ratio, ages 15-24, female (%) (modeled ILO estimate)",63.64500046,63.52000046,65.47299957,62.68999863,61.59899902,59.06399918,62.29600143,60.34999847,61.625,62.40599823,61.2840004,62.55699921,60.99300003,61.19200134,61.60200119,62.58300018,63.17599869,62.51200104,62.61299896,62.25299835
Channel Islands,"Employment to population ratio, ages 15-24, female (%) (modeled ILO estimate)",40.52999878,40.40000153,39.73799896,39.53099823,40.1230011,40.66999817,40.39199829,40.40599823,40.14300156,39.15599823,37.77600098,38.92399979,38.87599945,39.24700165,39.3370018,39.5,39.33100128,39.17499924,38.88000107,38.63600159
Chile,"Employment to population ratio, ages 15-24, female (%) (modeled ILO estimate)",20.76000023,19.79500008,18.74200058,19.22100067,20.13599968,20.94099998,21.50600052,22.62999916,23.67399979,22.72400093,24.46500015,25.5170002,25.29500008,24.94000053,24.35899925,24.24900055,24.15399933,24.13899994,23.7140007,23.18099976
China,"Employment to population ratio, ages 15-24, female (%) (modeled ILO estimate)",63.92399979,61.17699814,58.56000137,56.07899857,54.43899918,53.00400162,51.98300171,51.30799866,50.37099838,49.49300003,48.57600021,47.72700119,46.72800064,45.48199844,44.21699905,42.98199844,41.90000153,41.3429985,40.66600037,40.01300049
Cote d'Ivoire,"Employment to population ratio, ages 15-24, female (%) (modeled ILO estimate)",37.22299957,36.55500031,35.7840004,35.19100189,34.54800034,33.95700073,33.41999817,32.95600128,32.40299988,31.46100044,30.8220005,30.11700058,29.68099976,29.84700012,29.68700027,29.53100014,29.38800049,29.42399979,29.40800095,29.32999992
Cameroon,"Employment to population ratio, ages 15-24, female (%) (modeled ILO estimate)",59.68899918,59.5530014,59.75500107,60.0929985,60.67599869,61.07699966,61.68500137,62.10300064,58.17499924,53.56900024,49.07099915,49.15200043,49.24900055,49.27999878,49.3730011,49.22600174,49.16500092,49.11500168,48.85499954,48.62200165
"Congo, Dem. Rep.","Employment to population ratio, ages 15-24, female (%) (modeled ILO estimate)",47.93199921,48.06800079,48.12799835,48.19800186,48.32699966,48.40999985,46.7519989,45.10800171,43.41500092,41.47999954,39.79100037,38.10400009,36.52199936,36.59000015,36.73699951,36.69200134,36.625,36.67399979,36.37099838,36.04800034
"Congo, Rep.","Employment to population ratio, ages 15-24, female (%) (modeled ILO estimate)",26.65099907,26.5720005,26.25300026,26.33600044,26.47500038,26.70000076,27.61499977,28.8579998,29.10099983,28.71899986,30.56900024,32.72299957,34.64699936,34.58800125,34.85499954,34.62799835,34.68899918,34.41799927,34.15000153,34.19599915
Colombia,"Employment to population ratio, ages 15-24, female (%) (modeled ILO estimate)",25.8409996,30.45299911,30.6779995,31.75699997,29.95700073,29.72200012,29.05400085,28.22900009,27.80200005,29.9640007,31.5189991,32.77999878,34.4679985,34.71900177,35.10900116,35.27199936,34.75500107,34.06299973,33.69800186,33.25500107
Comoros,"Employment to population ratio, ages 15-24, female (%) (modeled ILO estimate)",14.72500038,14.63899994,14.52200031,14.43500042,14.37199974,14.33500004,14.3579998,14.38700008,14.37800026,14.21700001,14.14799976,14.10299969,14.06400013,14.01099968,13.96800041,13.92099953,13.90200043,13.88000011,13.80000019,13.72399998
Cabo Verde,"Employment to population ratio, ages 15-24, female (%) (modeled ILO estimate)",35.22499847,35.1609993,35.03099823,34.88600159,35.14099884,35.26399994,35.45399857,36.02600098,36.13800049,35.6269989,35.59400177,35.31700134,34.86000061,34.55199814,34.65200043,34.53900146,34.09999847,33.84799957,33.77600098,33.67900085
Costa Rica,"Employment to population ratio, ages 15-24, female (%) (modeled ILO estimate)",30.72400093,31.72699928,30.10700035,29.79100037,28.03300095,29.73500061,30.16900063,33.01900101,33.25600052,28.58399963,27.02300072,23.85300064,27.94300079,28.4260006,26.09399986,27.08600044,23.13999939,24.89699936,24.98399925,24.97299957
Caribbean small states,"Employment to population ratio, ages 15-24, female (%) (modeled ILO estimate)",24.71769712,25.76007875,26.49140527,27.58791239,26.94895949,27.25867575,28.26203207,27.92918065,27.74410473,26.19867684,24.97251415,24.52733025,24.1118027,23.33131113,23.74283668,24.33074733,24.77174961,24.62148114,25.28874609,25.24637397
Cuba,"Employment to population ratio, ages 15-24, female (%) (modeled ILO estimate)",23.20599937,23.33600044,23.24500084,23.39900017,23.66799927,24.94199944,26.42200089,29.29299927,30.20199966,33.43700027,32.92100143,31.84199905,30.69199944,29.63199997,28.77000046,28.00600052,26.98500061,26.07900047,26.5170002,26.90999985
Curacao,"Employment to population ratio, ages 15-24, female (%) (modeled ILO estimate)",,,,,,,,,,,,,,,,,,,,
Cayman Islands,"Employment to population ratio, ages 15-24, female (%) (modeled ILO estimate)",,,,,,,,,,,,,,,,,,,,
Cyprus,"Employment to population ratio, ages 15-24, female (%) (modeled ILO estimate)",35.67399979,38.80099869,37.14500046,37.92200089,36.35900116,34.36800003,34.67599869,35.22299957,36.30799866,34.95100021,34.83200073,29.73800087,27.08499908,24.42000008,27.84499931,28.94499969,27.73399925,31.25399971,34.30099869,32.98400116
Czech Republic,"Employment to population ratio, ages 15-24, female (%) (modeled ILO estimate)",33.79299927,32.06100082,29.6970005,27.43600082,25.79899979,23.39900017,23.57999992,23.77099991,23.34399986,21.59000015,20.42300034,19.60400009,20.77199936,20.83499908,21.56100082,23.59000015,23.62400055,24.69499969,23.65800095,22.65099907
Germany,"Employment to population ratio, ages 15-24, female (%) (modeled ILO estimate)",44.0530014,44.35100174,43.54100037,42.73099899,39.77899933,40.30500031,41.95999908,43.95199966,44.95999908,44.56999969,44.45899963,45.71099854,44.26399994,44.98600006,44.25899887,44.1780014,44.73500061,45.85200119,46.11700058,46.42499924
Djibouti,"Employment to population ratio, ages 15-24, female (%) (modeled ILO estimate)",41.84400177,41.45000076,40.70199966,40.06399918,39.49499893,39.10900116,39.33200073,39.57300186,39.51900101,38.51200104,37.62400055,37.14400101,36.6969986,36.59700012,36.05199814,36.02199936,35.68600082,35.24700165,35.15499878,35.09600067
Dominica,"Employment to population ratio, ages 15-24, female (%) (modeled ILO estimate)",,,,,,,,,,,,,,,,,,,,
Denmark,"Employment to population ratio, ages 15-24, female (%) (modeled ILO estimate)",63.83399963,58.85800171,63.64400101,57.77700043,59.43999863,60.69300079,64.21199799,64.02600098,65.23899841,62.71699905,59.44200134,58.44100189,55.25799942,54.93099976,54.79999924,56.13499832,59.96900177,57.1570015,58.75500107,58.26499939
Dominican Republic,"Employment to population ratio, ages 15-24, female (%) (modeled ILO estimate)",23.32799911,22.83099937,23.4470005,23.3220005,22.72699928,23.59300041,23.60199928,23.21100044,24.84399986,20.43799973,23.07699966,24.52400017,23.38699913,21.1779995,22.9279995,24.42700005,23.89800072,25.60400009,25.49699974,25.45599937
Algeria,"Employment to population ratio, ages 15-24, female (%) (modeled ILO estimate)",6.546999931,6.487999916,6.19299984,6.039000034,6.863999844,6.577000141,6.730999947,5.852000237,5.730999947,5.578999996,5.755000114,6.285999775,6.301000118,6.222000122,5.324999809,4.81400013,4.936999798,4.71999979,4.532999992,4.260000229
East Asia & Pacific (excluding high income),"Employment to population ratio, ages 15-24, female (%) (modeled ILO estimate)",57.23454147,55.03802926,53.15186268,51.30930204,50.16674661,48.79711397,48.11394064,47.80647124,47.1067299,46.49473307,45.69829117,44.87976471,44.25068907,43.15455044,42.15824245,41.06040874,40.06129086,39.55880201,38.97604886,38.40232604
Early-demographic dividend,"Employment to population ratio, ages 15-24, female (%) (modeled ILO estimate)",26.22966463,25.98093212,25.8841301,25.62515932,25.51466279,25.23747286,24.92911463,24.54704609,24.10469506,23.48535413,23.01882418,22.42924064,22.03859361,21.91849759,21.81625509,21.64964709,21.47610404,21.4160554,21.35602697,21.23074921
East Asia & Pacific,"Employment to population ratio, ages 15-24, female (%) (modeled ILO estimate)",55.68950843,53.73008787,52.01171407,50.364304,49.37355412,48.17910059,47.53563934,47.22073452,46.52997952,45.85073919,45.07913627,44.30591253,43.70224072,42.72550552,41.84134722,40.87371471,40.02931466,39.61717275,39.1220416,38.59755082
Europe & Central Asia (excluding high income),"Employment to population ratio, ages 15-24, female (%) (modeled ILO estimate)",28.74468143,28.22831207,28.35279246,27.33752063,27.10123627,27.0859825,27.10138804,27.78778462,28.27016591,27.71157171,27.33357695,27.73715892,26.90767587,27.03026602,26.48845492,26.47665047,26.14647064,25.91701013,25.57141832,24.94573254
Europe & Central Asia,"Employment to population ratio, ages 15-24, female (%) (modeled ILO estimate)",31.70300172,31.47673183,31.42129176,30.65374423,30.340155,30.51199425,30.85432895,31.62009124,32.01331449,30.92007436,30.11673924,30.06287036,29.34626275,29.31484556,29.25633857,29.69395933,30.03037964,30.2993539,30.36081518,30.06240403
Ecuador,"Employment to population ratio, ages 15-24, female (%) (modeled ILO estimate)",36.26800156,36.66600037,36.13999939,35.75999832,37.95500183,36.22499847,36.98400116,36.81499863,34.97000122,32.77299881,30.09600067,27.44300079,28.74799919,27.57900047,25.71699905,29.01399994,30.69599915,31.98200035,31.45499992,30.96800041
"Egypt, Arab Rep.","Employment to population ratio, ages 15-24, female (%) (modeled ILO estimate)",10.45699978,9.164999962,13.48099995,12.66300011,11.14099979,10.20499992,9.651000023,10.55300045,10.03899956,10.21199989,9.034999847,8.765999794,8.484000206,10.35200024,11.31799984,12.66399956,12.25699997,12.22999954,11.60200024,11.17399979
Euro area,"Employment to population ratio, ages 15-24, female (%) (modeled ILO estimate)",32.67761145,32.98555715,32.79964768,32.79503122,32.24313459,32.82566957,33.37271216,34.48165404,34.62144985,32.8084809,31.38106916,30.86982849,29.65903354,29.17230251,28.87340711,29.41046952,29.96928223,30.92939667,31.43921444,31.46131573
Eritrea,"Employment to population ratio, ages 15-24, female (%) (modeled ILO estimate)",60.05400085,59.66699982,58.75099945,58.22100067,57.7480011,57.51699829,57.83300018,58.33100128,58.78099823,58.19599915,58.27500153,58.38199997,58.40999985,58.35699844,58.40299988,58.35699844,58.15399933,58.02000046,57.77099991,57.61299896
Spain,"Employment to population ratio, ages 15-24, female (%) (modeled ILO estimate)",26.83799934,27.46199989,27.79500008,28.67200089,29.13800049,32.7480011,34.32699966,33.73400116,32.36199951,26.3920002,23.99900055,21.67000008,17.9640007,16.07900047,15.92000008,17.28899956,17.3220005,19.77199936,20.73699951,20.38500023
Estonia,"Employment to population ratio, ages 15-24, female (%) (modeled ILO estimate)",25.86599922,22.69099998,19.41600037,20.51099968,24.60099983,26.65099907,26.06599998,30.3560009,33.70500183,27.18499947,24.4489994,29,30.21999931,30.29100037,33.04299927,33.10200119,36.06499863,37.75500107,37.11199951,35.82899857
Ethiopia,"Employment to population ratio, ages 15-24, female (%) (modeled ILO estimate)",64.17700195,64.94499969,65.59100342,66.28399658,67.10700226,67.77799988,68.01000214,68.13300323,68.11499786,67.70300293,67.58499908,67.65100098,67.72100067,67.66600037,67.26100159,66.78399658,66.40499878,66.06300354,66.18599701,66.3239975
European Union,"Employment to population ratio, ages 15-24, female (%) (modeled ILO estimate)",33.88487304,33.99040117,33.4950123,33.01045194,32.78318157,33.02741573,33.64889196,34.44986565,34.69803614,33.06274911,31.80901493,31.16280709,30.52553197,30.23175619,30.59056238,31.44547813,32.28236151,33.16117367,33.58119845,33.57830253
Fragile and conflict affected situations,"Employment to population ratio, ages 15-24, female (%) (modeled ILO estimate)",40.57721692,40.00708676,39.48154629,39.09523792,38.50879904,37.90848244,37.09267551,36.27305084,35.49392625,34.36239996,33.63351532,33.14076435,32.66145272,32.44456476,32.34611345,32.12633746,31.49954718,31.17264132,31.16075839,31.13459319
Finland,"Employment to population ratio, ages 15-24, female (%) (modeled ILO estimate)",33.28300095,34.5359993,34.75899887,35.0359993,35.86000061,40.43199921,41.38399887,44.36299896,44.86000061,41.62200165,40.25,41.30400085,42.77700043,44.20299911,43.43799973,43.13600159,43.88199997,43.90499878,45.33100128,45.59799957
Fiji,"Employment to population ratio, ages 15-24, female (%) (modeled ILO estimate)",22.72400093,22.01399994,21.21199989,20.56800079,19.87400055,19.24300003,19.90200043,20.40600014,20.90399933,20.91500092,21.28499985,21.78499985,22.03700066,22.5170002,22.6760006,21.63400078,20.83300018,20.60300064,20.62700081,20.58399963
France,"Employment to population ratio, ages 15-24, female (%) (modeled ILO estimate)",25.2329998,25.44300079,25.52700043,27.20400047,26.58499908,27.06699944,26.68499947,28.4640007,28.8220005,28.51300049,27.15200043,26.72299957,25.97999954,25.55400085,25.53899956,26.13699913,26.18199921,26.75,27.19400024,27.1060009
Faroe Islands,"Employment to population ratio, ages 15-24, female (%) (modeled ILO estimate)",,,,,,,,,,,,,,,,,,,,
"Micronesia, Fed. Sts.","Employment to population ratio, ages 15-24, female (%) (modeled ILO estimate)",,,,,,,,,,,,,,,,,,,,
Gabon,"Employment to population ratio, ages 15-24, female (%) (modeled ILO estimate)",9.345999718,9.31000042,9.232999802,9.199000359,9.246999741,9.371999741,9.421999931,9.407999992,9.305000305,9.005999565,8.843000412,8.756999969,8.777000427,8.781000137,8.81000042,8.777000427,8.888999939,8.972000122,8.928999901,8.862000465
United Kingdom,"Employment to population ratio, ages 15-24, female (%) (modeled ILO estimate)",53.62400055,52.93000031,53.72399902,52.48500061,53.15599823,52.56499863,52.36600113,51.16500092,50.64799881,47.9070015,46.24200058,45.24300003,45.82799911,45.86500168,47.47100067,49.33000183,50.6269989,50.34999847,50.40499878,50.6609993
Georgia,"Employment to population ratio, ages 15-24, female (%) (modeled ILO estimate)",22.31999969,21.79199982,18.11499977,20.16799927,15.92000008,16.97100067,16.73900032,15.6260004,14.26200008,13.23999977,16.41900063,16.94400024,17.64900017,16.27599907,18.93199921,18.39999962,19.04999924,17.40600014,17.34199905,17.11000061
Ghana,"Employment to population ratio, ages 15-24, female (%) (modeled ILO estimate)",45.36000061,44.37400055,43.08399963,42.03099823,41.0379982,39.92499924,38.80099869,38.39699936,37.8390007,36.81200027,36.18299866,35.39199829,34.97399902,34.50500107,34.29999924,33.92399979,33.9109993,33.92599869,33.71099854,33.50999832
Gibraltar,"Employment to population ratio, ages 15-24, female (%) (modeled ILO estimate)",,,,,,,,,,,,,,,,,,,,
Guinea,"Employment to population ratio, ages 15-24, female (%) (modeled ILO estimate)",49.96900177,49.99900055,49.95399857,49.97800064,49.94400024,49.92699814,50.06399918,50.09000015,50.09400177,49.625,49.4280014,49.38199997,49.31100082,49.07099915,48.88600159,48.70399857,48.85400009,48.74000168,48.59500122,48.51499939
"Gambia, The","Employment to population ratio, ages 15-24, female (%) (modeled ILO estimate)",30.00699997,30.20899963,30.10000038,30.2140007,30.59000015,30.70299911,31.0359993,31.18000031,31.19199944,30.80999947,30.76499939,30.71899986,30.9260006,30.61700058,30.57299995,30.47500038,30.42300034,30.61899948,30.65699959,30.68799973
Guinea-Bissau,"Employment to population ratio, ages 15-24, female (%) (modeled ILO estimate)",49.40200043,49.20100021,48.86999893,48.69300079,48.48300171,48.32899857,48.37200165,48.40599823,48.27000046,47.65200043,47.39899826,47.31499863,47.22000122,47.12099838,47.1590004,47.01800156,47.02399826,47.05500031,46.85499954,46.65800095
Equatorial Guinea,"Employment to population ratio, ages 15-24, female (%) (modeled ILO estimate)",24.08499908,24.08600044,24.2310009,24.42700005,24.71800041,24.94400024,25.0529995,25.09199905,25.02799988,24.75600052,24.6779995,24.31699944,24.11400032,23.77300072,23.79999924,23.57600021,23.20800018,23.13400078,23.06699944,23.08099937
Greece,"Employment to population ratio, ages 15-24, female (%) (modeled ILO estimate)",22.59600067,21.47699928,21.8409996,20.64800072,22.34399986,20.14100075,19.57600021,19.79700089,19.66699982,18.93600082,16.23500061,13.01399994,10.13599968,9.515000343,10.84599972,11.31099987,11.54300022,12.81299973,13.86499977,13.47999954
Grenada,"Employment to population ratio, ages 15-24, female (%) (modeled ILO estimate)",,,,,,,,,,,,,,,,,,,,
Greenland,"Employment to population ratio, ages 15-24, female (%) (modeled ILO estimate)",,,,,,,,,,,,,,,,,,,,
Guatemala,"Employment to population ratio, ages 15-24, female (%) (modeled ILO estimate)",33.05599976,33.11299896,33.09199905,33.04299927,32.39799881,32.56200027,32.78499985,32.94200134,33.08200073,33.07099915,33.19400024,30.79999924,37.54100037,30.89900017,30.30500031,28.24300003,31.48500061,31.49300003,31.62299919,31.67700005
Guam,"Employment to population ratio, ages 15-24, female (%) (modeled ILO estimate)",35.12200165,36.41500092,37.6269989,38.30699921,39.07300186,38.7879982,38.75299835,36.25400162,36.43500137,36.19300079,36.69900131,30.73600006,34.95000076,35.57600021,38.7879982,39.23899841,40.4280014,40.19100189,39.65000153,39.23899841
Guyana,"Employment to population ratio, ages 15-24, female (%) (modeled ILO estimate)",22.22900009,22.01099968,21.54599953,20.99200058,20.90600014,21.09399986,21.79999924,22.3220005,22.48800087,21.99900055,21.81399918,22.44300079,23.21999931,23.96999931,24.70700073,25.10300064,25.39999962,25.37000084,25.45199966,25.47599983
High income,"Employment to population ratio, ages 15-24, female (%) (modeled ILO estimate)",40.95816701,40.56426687,39.79409664,39.14281713,38.96666052,39.4651525,39.61188098,39.69333809,39.21349601,37.12567309,35.91424439,35.61290463,35.50495096,35.79058591,36.38227948,37.18532926,37.97678848,38.79967929,39.11441662,38.93590904
"Hong Kong SAR, China","Employment to population ratio, ages 15-24, female (%) (modeled ILO estimate)",42.24599838,41.33300018,40.57899857,40.2179985,41.1609993,40.87200165,40.40999985,41.50099945,39.86999893,36.05899811,32.63499832,34.06600189,34.99599838,37.34000015,36.65299988,37.67900085,38.2840004,38.71300125,39.06000137,38.86899948
Honduras,"Employment to population ratio, ages 15-24, female (%) (modeled ILO estimate)",34.93000031,33.95999908,32.62799835,30.5739994,28.6609993,28.98900032,27.03300095,27.16799927,27.38100052,27.17200089,27.54599953,26.13599968,24.71199989,28.86899948,29.03199959,30.47500038,29.62999916,29.81299973,29.82299995,29.7140007
Heavily indebted poor countries (HIPC),"Employment to population ratio, ages 15-24, female (%) (modeled ILO estimate)",50.46869962,50.42471981,50.23323993,50.0840513,50.1118671,50.0898757,49.90744422,49.69063297,49.26283197,48.23393136,47.47399751,47.23697361,46.9547409,46.92331544,46.81726746,46.46184118,46.39998942,46.30508336,46.2630305,46.21572959
Croatia,"Employment to population ratio, ages 15-24, female (%) (modeled ILO estimate)",22.89500046,23.01300049,21.72800064,21.01300049,21.81900024,21.57699966,22.56800079,22.37800026,21.62299919,22.09600067,20.83099937,17.45899963,14.87800026,12.43799973,15.30500031,15.64000034,21.98600006,21.77499962,20.15500069,21.60700035
Haiti,"Employment to population ratio, ages 15-24, female (%) (modeled ILO estimate)",23.33099937,22.81299973,22.18099976,21.71899986,21.10700035,20.5,19.81599998,19.06699944,19.39599991,19.00900078,18.91799927,19.44300079,19.87700081,19.91799927,20.07299995,20.10899925,20.04500008,20.07600021,19.97299957,19.95000076
Hungary,"Employment to population ratio, ages 15-24, female (%) (modeled ILO estimate)",28.49500084,27.00799942,26.15699959,23.75399971,20.36700058,19.15999985,18.31599998,17.28700066,16.53300095,15.5880003,15.89000034,15.72599983,16.7689991,16.97299957,20.54599953,23.28899956,24.90399933,25.08600044,24.43099976,24.30699921
IBRD only,"Employment to population ratio, ages 15-24, female (%) (modeled ILO estimate)",36.84172067,35.79660826,35.07455344,34.1967822,33.89220521,33.43598657,32.93463178,32.61512866,32.02806163,31.151766,30.26007761,29.33397799,28.44504099,27.67587704,26.91486288,26.11639664,25.3923954,25.01257358,24.61884987,24.19547265
IDA & IBRD total,"Employment to population ratio, ages 15-24, female (%) (modeled ILO estimate)",37.37345413,36.60917505,36.07744065,35.39488016,35.12259663,34.68473677,34.2443088,33.94703257,33.43224336,32.64836688,31.92832074,31.21987086,30.55976787,30.01481382,29.52906785,28.95686474,28.42224697,28.24142752,28.04484825,27.81484747
IDA total,"Employment to population ratio, ages 15-24, female (%) (modeled ILO estimate)",39.11246829,39.23394775,39.29136658,39.21164619,39.01127322,38.58343475,38.27630045,37.9747553,37.58795885,36.96912389,36.61055025,36.3542722,36.1261062,35.95554656,35.94038132,35.69966326,35.40951043,35.49525708,35.55810851,35.57093099
IDA blend,"Employment to population ratio, ages 15-24, female (%) (modeled ILO estimate)",26.56472334,27.06689462,27.72650631,27.78231632,27.90878198,27.34973749,27.09325748,26.66254062,26.10195218,25.71359928,25.20894712,24.72465145,24.21006631,23.60782693,23.61620563,23.08640781,22.70685688,22.68651595,22.67861987,22.60476154
Indonesia,"Employment to population ratio, ages 15-24, female (%) (modeled ILO estimate)",34.69200134,32.45500183,31.05400085,29.89599991,29.4470005,26.35700035,28.28800011,29.78100014,30.89599991,31.23900032,31.65500069,30.95199966,32.6609993,31.86000061,31.13500023,30.63299942,30.98200035,32.72399902,32.18899918,31.82699966
IDA only,"Employment to population ratio, ages 15-24, female (%) (modeled ILO estimate)",45.4340355,45.37269087,45.13598754,44.99861888,44.64330047,44.29079209,43.96754025,43.74188788,43.45297447,42.72094497,42.43775677,42.2759254,42.15984893,42.16997189,42.10642922,41.97657476,41.69657965,41.80533955,41.88028789,41.91856314
Isle of Man,"Employment to population ratio, ages 15-24, female (%) (modeled ILO estimate)",,,,,,,,,,,,,,,,,,,,
India,"Employment to population ratio, ages 15-24, female (%) (modeled ILO estimate)",22.31299973,22.23999977,22.09499931,21.9470005,21.86400032,21.77400017,20.54500008,19.37999916,18.22900009,16.94199944,15.74800014,14.32999992,13.01599979,12.77600002,12.53600025,12.18999958,11.77200031,11.37199974,11.13099957,10.89700031
Not classified,"Employment to population ratio, ages 15-24, female (%) (modeled ILO estimate)",,,,,,,,,,,,,,,,,,,,
Ireland,"Employment to population ratio, ages 15-24, female (%) (modeled ILO estimate)",54.40000153,52.35100174,51.27000046,52.01399994,50.57099915,56.4129982,56.96099854,58.61000061,55.0929985,47.42699814,41.18099976,38.68500137,37.74499893,37.63299942,37.02700043,37.3730011,41.83800125,39.70299911,39.52500153,39.93399811
"Iran, Islamic Rep.","Employment to population ratio, ages 15-24, female (%) (modeled ILO estimate)",8.661000252,8.833000183,8.958999634,10.1420002,11.48400021,11.5170002,11.0909996,10.2510004,8.449999809,8.829999924,7.677999973,6.925000191,6.093999863,5.665999889,4.971000195,5.727000237,6.464000225,6.268000126,5.922999859,5.596000195
Iraq,"Employment to population ratio, ages 15-24, female (%) (modeled ILO estimate)",4.298999786,4.468999863,4.611000061,4.742000103,4.875999928,5.104000092,5.354000092,5.603000164,5.315000057,4.886000156,4.600999832,4.356999874,4.102000237,4.046999931,4.06799984,4.020999908,3.967000008,4.019999981,4.031000137,4.03399992
Iceland,"Employment to population ratio, ages 15-24, female (%) (modeled ILO estimate)",77.41400146,75.89700317,67.71600342,64.28900146,70.16000366,73.50499725,74.39299774,74.88700104,73.82099915,66.61599731,65.4980011,66.5059967,68.39700317,75.20200348,73.23100281,76.35600281,78.27300262,76.70999908,77.71199799,77.3259964
Israel,"Employment to population ratio, ages 15-24, female (%) (modeled ILO estimate)",45.02299881,43.99700165,40.04999924,40.37799835,41.45500183,43.91500092,43.62900162,43.72000122,44.44100189,44.6590004,44.22200012,42.84600067,42.51800156,43.07600021,43.18700027,43.44400024,44.30500031,44.9090004,45.24900055,45.07799911
Italy,"Employment to population ratio, ages 15-24, female (%) (modeled ILO estimate)",21.6439991,22.01300049,20.97200012,20.50399971,22.47599983,20.61800003,19.93600082,19.54500008,19.3409996,16.9659996,16.29800034,15.34599972,14.7670002,13.44099998,12.54699993,12.27600002,13.64400005,13.83399963,14.15499973,14.6590004
Jamaica,"Employment to population ratio, ages 15-24, female (%) (modeled ILO estimate)",18.4279995,20.39599991,22.10700035,24.59199905,21.75600052,21.64599991,22.80400085,22.89900017,23.25200081,22.61199951,21.81900024,21.65500069,20.77400017,18.94099998,20.72400093,21.77799988,22.73800087,23.3560009,25.02700043,25.05800056
Jordan,"Employment to population ratio, ages 15-24, female (%) (modeled ILO estimate)",4.471000195,5.19299984,4.747000217,5.163000107,4.690999985,4.170000076,4.782000065,5.427000046,5.272999763,5.504000187,5.609000206,5.063000202,5.070000172,4.132999897,4.399000168,4.006999969,3.72300005,3.815000057,3.947000027,3.960000038
Japan,"Employment to population ratio, ages 15-24, female (%) (modeled ILO estimate)",42.52500153,42.24399948,40.81999969,40.58499908,40.5019989,41.44599915,41.70700073,41.22200012,41.50600052,40.93700027,40.31800079,40.11999893,39.44599915,40.98199844,41.10900116,40.79100037,42.57500076,43.02899933,43.5870018,43.44800186
Kazakhstan,"Employment to population ratio, ages 15-24, female (%) (modeled ILO estimate)",39.55599976,39.86800003,39.00500107,39.63499832,38.93299866,38.90100098,38.93199921,39.23899841,39.69100189,39.56999969,39.77500153,39.2120018,38.26399994,37.59600067,39.83200073,41.80899811,41.61299896,40.51900101,39.00299835,37.1269989
Kenya,"Employment to population ratio, ages 15-24, female (%) (modeled ILO estimate)",37.35200119,35.62200165,33.56999969,31.75,29.86800003,28.00499916,28.49099922,29.05599976,29.49699974,29.41699982,29.13100052,28.86800003,28.58099937,28.11599922,27.82900047,27.5170002,27.31699944,27.37599945,27.29599953,27.23800087
Kyrgyz Republic,"Employment to population ratio, ages 15-24, female (%) (modeled ILO estimate)",35.45600128,35.0909996,32.06999969,31.28000069,29.79999924,30.25,30.12899971,30.21699905,30.22900009,30.22800064,28.49200058,29.26300049,26.87299919,30.09799957,28.36499977,26.84499931,23.9659996,23.89299965,23.86400032,23.67499924
Cambodia,"Employment to population ratio, ages 15-24, female (%) (modeled ILO estimate)",68.53399658,76.48400116,76.38500214,76.02799988,74.98100281,75.54299927,76.15299988,76.55599976,76.67299652,76.58300018,76.60600281,74.79199982,73.09799957,71.45200348,69.82499695,68.06099701,67.56199646,66.96399689,66.72000122,66.44599915
Kiribati,"Employment to population ratio, ages 15-24, female (%) (modeled ILO estimate)",,,,,,,,,,,,,,,,,,,,
St. Kitts and Nevis,"Employment to population ratio, ages 15-24, female (%) (modeled ILO estimate)",,,,,,,,,,,,,,,,,,,,
"Korea, Rep.","Employment to population ratio, ages 15-24, female (%) (modeled ILO estimate)",34.14400101,34.95700073,35.93099976,35.48400116,36.20000076,36.08300018,33.25400162,31.34499931,28.70599937,26.85899925,26.93600082,26.99300003,27.84300041,27.58499908,29.66200066,30.93099976,31.1779995,31.40999985,31.32699966,31.41900063
Kuwait,"Employment to population ratio, ages 15-24, female (%) (modeled ILO estimate)",11.86400032,12.03600025,12.34700012,12.16600037,12.08300018,12.16399956,12.1260004,12.22700024,12.2130003,12.87100029,13.6420002,13.28199959,12.78299999,12.40999985,12.05200005,10.64999962,9.272000313,9.472999573,9.737000465,9.756999969
Latin America & Caribbean (excluding high income),"Employment to population ratio, ages 15-24, female (%) (modeled ILO estimate)",33.1952637,33.56763823,33.63163758,33.20044757,34.04877483,34.67709354,35.03990339,35.34523143,35.30618476,34.29426342,34.10766283,33.8222263,34.06307957,33.4393284,32.90715274,31.91726902,31.13820812,31.03066766,31.15839984,31.11821862
Lao PDR,"Employment to population ratio, ages 15-24, female (%) (modeled ILO estimate)",74.27500153,73.4980011,72.58100128,71.75,70.96099854,70.19300079,69.58999634,68.91000366,68.15000153,67.1760025,66.40499878,65.80799866,65.22899628,64.56999969,63.94100189,63.27500153,62.65800095,62.02000046,61.76599884,61.52299881
Lebanon,"Employment to population ratio, ages 15-24, female (%) (modeled ILO estimate)",14.34500027,14.30599976,14.25899982,14.34300041,14.43400002,14.21000004,14.04899979,13.86499977,13.76500034,13.55700016,13.45600033,13.57699966,13.72200012,13.85400009,14.01099968,14.10000038,14.08699989,14.11299992,14.09799957,14.07999992
Liberia,"Employment to population ratio, ages 15-24, female (%) (modeled ILO estimate)",29.36700058,29.54299927,29.58099937,29.61000061,29.6970005,29.81599998,30.02000046,30.20199966,30.27400017,30.06699944,29.93799973,29.80900002,29.63999939,29.40099907,29.19799995,28.97999954,28.8010006,28.69000053,28.68400002,28.68799973
Libya,"Employment to population ratio, ages 15-24, female (%) (modeled ILO estimate)",6.089000225,6.722000122,7.005000114,6.879000187,6.857999802,6.941999912,7.059000015,7.333000183,7.657000065,7.46600008,7.300000191,7.441999912,6.808000088,7.361000061,8.376999855,8.741000175,8.69699955,7.968999863,7.872000217,7.918000221
St. Lucia,"Employment to population ratio, ages 15-24, female (%) (modeled ILO estimate)",27.66399956,26.45499992,25.68899918,23.40299988,26.75900078,28.5,30.46199989,30.78899956,33.05400085,29.89500046,26.95899963,25.33200073,24.47900009,22.13599968,20.54800034,18.78199959,21.98200035,22.07600021,22.10300064,22.41600037
Latin America & Caribbean,"Employment to population ratio, ages 15-24, female (%) (modeled ILO estimate)",32.80893747,33.13273469,33.14259148,32.73752076,33.57200564,34.21079824,34.5569667,34.87979112,34.87313014,33.85200963,33.69995357,33.45804994,33.69804684,33.11161123,32.57833495,31.61458573,30.87003469,30.76729472,30.88722635,30.83641584
Least developed countries: UN classification,"Employment to population ratio, ages 15-24, female (%) (modeled ILO estimate)",46.70902934,46.72708046,46.5011662,46.33216685,46.06572342,45.87512996,45.73653877,45.66690312,45.48304511,44.81516894,44.58142137,44.45204959,44.30219532,44.17932213,44.05495853,43.85786293,43.52854359,43.59492212,43.63653577,43.66279383
Low income,"Employment to population ratio, ages 15-24, female (%) (modeled ILO estimate)",53.93877509,53.76110645,53.52806877,53.44230257,53.3518365,53.18986635,52.82912222,52.47061856,52.04998127,51.2427774,50.68938355,50.46592258,50.33469951,50.30120425,50.24704236,50.06558315,49.97497457,50.05137578,50.05278123,50.01574456
Liechtenstein,"Employment to population ratio, ages 15-24, female (%) (modeled ILO estimate)",,,,,,,,,,,,,,,,,,,,
Sri Lanka,"Employment to population ratio, ages 15-24, female (%) (modeled ILO estimate)",21.45999908,21.08099937,19.68099976,19.32600021,18.69000053,18.5909996,21.2310009,21.06699944,21.45400047,20.50900078,19.37700081,17.88999939,17.87599945,17.42700005,16.25399971,15.3409996,13.37899971,11.94900036,11.57800007,11.42599964
Lower middle income,"Employment to population ratio, ages 15-24, female (%) (modeled ILO estimate)",27.49499334,27.18260574,27.13841776,26.82970552,26.57361319,26.01379019,25.50701788,25.04312404,24.42819827,23.73258411,23.02764318,22.17739442,21.51467414,21.28462763,21.10363479,20.70109865,20.26371064,20.07766408,19.86944281,19.65489663
Low & middle income,"Employment to population ratio, ages 15-24, female (%) (modeled ILO estimate)",37.63861442,36.85946365,36.33688277,35.65471693,35.37538099,34.92086235,34.46904289,34.16174106,33.63292633,32.85390609,32.13026251,31.42550662,30.76172721,30.2133796,29.71747836,29.14374929,28.59172221,28.40120834,28.20030859,27.96942119
Lesotho,"Employment to population ratio, ages 15-24, female (%) (modeled ILO estimate)",21.12199974,21.27899933,21.375,21.67399979,21.9810009,22.42099953,23.0739994,23.55599976,23.73999977,22.76799965,22.47699928,22.11100006,22.07099915,21.84600067,22.07799911,22.08099937,22.27099991,22.69099998,22.71500015,22.80500031
Late-demographic dividend,"Employment to population ratio, ages 15-24, female (%) (modeled ILO estimate)",52.22137723,50.5489911,49.18371188,47.57541816,46.83517037,46.12025267,45.41092884,45.24595191,44.70507791,43.91742196,43.11832326,42.41237206,41.65532695,40.77964199,39.93370314,38.8197408,37.67701724,37.2097525,36.74985784,36.24605009
Lithuania,"Employment to population ratio, ages 15-24, female (%) (modeled ILO estimate)",23.76499939,21.04299927,21.93499947,19.63699913,16.33399963,17.48900032,21.08200073,19.95599937,21.68600082,20.07099915,17.47100067,17.18400002,20.20499992,21.34700012,23.86300087,25.6760006,28.20599937,29.20999908,29.07999992,28.45400047
Luxembourg,"Employment to population ratio, ages 15-24, female (%) (modeled ILO estimate)",28.25,29.93799973,28.25600052,25.81900024,20.65800095,21.27499962,21.41500092,18.88400078,21.29700089,24.58200073,20.43300056,18.61499977,20.34199905,19.76300049,19.47200012,28.73900032,25.36300087,24.34900093,24.63999939,24.01300049
Latvia,"Employment to population ratio, ages 15-24, female (%) (modeled ILO estimate)",24.84900093,23.73500061,25.53199959,24.09399986,21.33300018,26.19599915,28.89299965,32.63700104,32.17599869,25.74699974,24.62199974,23.53700066,25.5529995,27.03800011,28.38500023,32.4980011,32.97600174,32.45000076,30.95199966,28.96999931
"Macao SAR, China","Employment to population ratio, ages 15-24, female (%) (modeled ILO estimate)",43.67200089,44.55699921,38.54700089,33.9469986,34.46699905,37.61600113,38.42100143,43.68099976,45.27899933,48.15399933,49.01200104,47.70399857,44.08399963,46.40499878,45.10800171,44.5909996,42.38399887,43.30699921,43.49000168,43.44400024
St. Martin (French part),"Employment to population ratio, ages 15-24, female (%) (modeled ILO estimate)",,,,,,,,,,,,,,,,,,,,
Morocco,"Employment to population ratio, ages 15-24, female (%) (modeled ILO estimate)",18.16600037,17.88699913,17.59900093,17.53899956,17.62299919,17.43899918,17.2329998,17.22100067,16.34199905,16.4470005,16.01799965,15.61299992,14.28299999,13.72200012,13.10200024,11.79500008,11.01299953,10.46100044,10.27700043,10.07199955
Monaco,"Employment to population ratio, ages 15-24, female (%) (modeled ILO estimate)",,,,,,,,,,,,,,,,,,,,
Moldova,"Employment to population ratio, ages 15-24, female (%) (modeled ILO estimate)",19.44400024,19.59600067,19.8029995,18.76199913,18.59300041,17.95100021,17.86899948,17.96800041,17.8239994,16.89500046,16.95100021,17.4829998,15.88199997,15.85000038,15.01299953,15.69099998,15.42399979,15.51900005,15.78199959,15.35599995
Madagascar,"Employment to population ratio, ages 15-24, female (%) (modeled ILO estimate)",66.58999634,67.20899963,67.03299713,67.23899841,68.74700165,69.81900024,70.7559967,71.8010025,72.67299652,72.35399628,72.33399963,75.14299774,76.28600311,74.72200012,73.05599976,71.30200195,71.08999634,70.97899628,71.14499664,71.34300232
Maldives,"Employment to population ratio, ages 15-24, female (%) (modeled ILO estimate)",28.59900093,29.24300003,29.91600037,30.61100006,31.39299965,32.3390007,33.10300064,33.90299988,34.80599976,35.29000092,35.9109993,36.45399857,37.05799866,37.50799942,38.01200104,37.54700089,37.13299942,35.73199844,35.44599915,35.2120018
Middle East & North Africa,"Employment to population ratio, ages 15-24, female (%) (modeled ILO estimate)",10.85191228,10.39396332,11.12083429,11.28393874,11.18818339,10.82787458,10.49063315,10.29709389,9.600647745,9.494179792,8.906653792,8.549667372,8.14785288,8.383187944,8.32913883,8.607154546,8.656066254,8.617450312,8.413461914,8.220930334
Mexico,"Employment to population ratio, ages 15-24, female (%) (modeled ILO estimate)",34.32099915,32.76499939,31.45299911,29.45899963,29.64599991,31.90299988,32.45700073,32.56800079,31.6079998,30.125,30.22500038,29.88599968,30.46299934,29.67399979,28.65699959,28.51499939,28.6079998,28.72599983,28.95000076,28.85499954
Marshall Islands,"Employment to population ratio, ages 15-24, female (%) (modeled ILO estimate)",,,,,,,,,,,,,,,,,,,,
Middle income,"Employment to population ratio, ages 15-24, female (%) (modeled ILO estimate)",35.96301288,35.09811933,34.52559512,33.7614891,33.43799261,32.91881384,32.42033843,32.07364047,31.47875456,30.6415836,29.82746435,28.98421318,28.1601799,27.44117445,26.77805576,26.04319742,25.32306794,24.99666448,24.67231774,24.31855285
North Macedonia,"Employment to population ratio, ages 15-24, female (%) (modeled ILO estimate)",11.82900047,12.63099957,11.90499973,10.10400009,10.00399971,10.28299999,11.44299984,11.50199986,11.95199966,10.59799957,11.18799973,10.82299995,12.6260004,13.29300022,11.35000038,14.23900032,11.76799965,11.97200012,12.6260004,12.31999969
Mali,"Employment to population ratio, ages 15-24, female (%) (modeled ILO estimate)",47.27999878,46.77199936,45.97900009,45.3390007,44.61199951,44.00799942,43.83000183,43.60100174,44.29199982,44.43600082,45.08499908,46.88100052,47.51499939,48.10100174,49.18399811,45.65000153,40.52899933,40.90000153,41.33100128,41.68899918
Malta,"Employment to population ratio, ages 15-24, female (%) (modeled ILO estimate)",53.15100098,51.98799896,50.38199997,45.43099976,41.86600113,42.93799973,42.13199997,44.98300171,45.66799927,42.85300064,42.88999939,42.02700043,40.54000092,43.98600006,46.5719986,45.33599854,44.22299957,44.52199936,44.54800034,43.87599945
Myanmar,"Employment to population ratio, ages 15-24, female (%) (modeled ILO estimate)",72.48799896,71.34200287,70.04699707,68.5019989,66.93599701,65.27300262,63.60599899,61.97600174,60.48300171,58.76300049,57.22100067,56.39899826,55.30400085,54.02700043,52.83399963,51.7879982,46.5890007,41.63499832,41.25400162,40.85900116
Middle East & North Africa (excluding high income),"Employment to population ratio, ages 15-24, female (%) (modeled ILO estimate)",10.36616595,9.899609119,10.80191653,10.98757808,10.88579057,10.45823558,10.0773296,9.880010398,9.115777207,9.035713025,8.349159859,7.923388688,7.462156749,7.664813011,7.602532576,7.914356303,7.871331694,7.755562845,7.492150139,7.26682535
Montenegro,"Employment to population ratio, ages 15-24, female (%) (modeled ILO estimate)",10.10499954,10.0909996,9.861000061,9.76099968,9.857000351,9.923999786,13.09399986,15.32400036,16.0890007,15.42500019,15.0909996,15.02400017,15.36600018,15.21500015,15.47299957,15.40400028,15.07800007,15.16499996,16.8220005,16.43099976
Mongolia,"Employment to population ratio, ages 15-24, female (%) (modeled ILO estimate)",33.46699905,33.05899811,32.1629982,31.0340004,29.50600052,28.70899963,28.40399933,27.78499985,28.46699905,26.50099945,24.39900017,25.91600037,26.05599976,24.02099991,23.99699974,22.89100075,19.09900093,18.97800064,18.8579998,18.44599915
Northern Mariana Islands,"Employment to population ratio, ages 15-24, female (%) (modeled ILO estimate)",,,,,,,,,,,,,,,,,,,,
Mozambique,"Employment to population ratio, ages 15-24, female (%) (modeled ILO estimate)",75.34799957,74.13400269,72.90399933,71.65399933,70.6269989,69.71700287,68.91799927,68.03299713,66.9260025,65.24700165,64.02999878,62.97100067,62.22900009,61.10699844,60.03699875,58.6609993,58.60900116,58.69400024,58.58200073,58.42300034
Mauritania,"Employment to population ratio, ages 15-24, female (%) (modeled ILO estimate)",24.26099968,23.29299927,21.99300003,21.12700081,20.49399948,19.81900024,18.72299957,17.93199921,17.33699989,16.18199921,15.43799973,14.73700047,14.11200047,14.00699997,13.87199974,13.64999962,13.73900032,13.70600033,13.50199986,13.29899979
Mauritius,"Employment to population ratio, ages 15-24, female (%) (modeled ILO estimate)",26.25699997,26.14299965,26.11000061,25.51099968,24.92099953,23.8029995,25.6970005,24.52199936,25.05400085,23.81999969,24.30900002,24.23699951,23.27400017,23.1779995,22.97900009,25.71199989,26.17099953,25.30500031,25.50900078,25.06399918
Malawi,"Employment to population ratio, ages 15-24, female (%) (modeled ILO estimate)",50.42699814,50.70800018,50.92900085,51.24399948,51.63700104,52.23699951,53.4280014,54.59400177,55.38899994,55.64599991,56.23600006,56.7159996,57.3219986,57.9679985,57.64300156,57.36399841,57.0359993,56.95500183,57.125,57.31399918
Malaysia,"Employment to population ratio, ages 15-24, female (%) (modeled ILO estimate)",33.05599976,32.61500168,32.30899811,31.98500061,31.2689991,30.98800087,30.90399933,30.11000061,29.94499969,29.02599907,28.41799927,29.51499939,29.29299927,30.05400085,30.94599915,30.09600067,31.01199913,30.52199936,30.33600044,30.04800034
North America,"Employment to population ratio, ages 15-24, female (%) (modeled ILO estimate)",54.80371436,53.42745467,51.75078638,50.22818574,49.85356007,50.39143552,50.24162567,49.79186992,48.35167151,45.11772304,43.14894132,42.89809192,43.3370281,44.0028234,45.01611473,46.09210114,46.81033328,48.04684827,48.21074367,47.66517687
Namibia,"Employment to population ratio, ages 15-24, female (%) (modeled ILO estimate)",16.02300072,15.70499992,14.93000031,14.30000019,13.92099953,13.91300011,14.37800026,14.72000027,15.05300045,14.27400017,14.06900024,15.27600002,16.92900085,17.00099945,17.50099945,16.73500061,15.7670002,15.99300003,16.1760006,16.22999954
New Caledonia,"Employment to population ratio, ages 15-24, female (%) (modeled ILO estimate)",23.55999947,23.41699982,23.45899963,23.4810009,23.5359993,23.81800079,24.15099907,24.21800041,24.36400032,24.17700005,24.4109993,24.47900009,25.24500084,25.81500053,26.41500092,26.72699928,26.88800049,26.89100075,26.77700043,26.69099998
Niger,"Employment to population ratio, ages 15-24, female (%) (modeled ILO estimate)",55.93799973,56.26100159,56.18000031,56.09199905,56.04000092,56.11800003,57.00600052,57.66400146,58.13700104,58.34500122,58.60200119,58.83000183,58.90800095,58.93399811,58.93899918,58.91799927,58.95100021,58.93099976,59.04700089,59.16500092
Nigeria,"Employment to population ratio, ages 15-24, female (%) (modeled ILO estimate)",31.57099915,31.53000069,31.45499992,31.46199989,31.54800034,29.9659996,28.51300049,27.10499954,25.64999962,24.07600021,22.73699951,21.3920002,20.12000084,18.86899948,18.28800011,17.57299995,16.85400009,16.93499947,16.7140007,16.43600082
Nicaragua,"Employment to population ratio, ages 15-24, female (%) (modeled ILO estimate)",24.05900002,24.48500061,24.83699989,25.29800034,25.84199905,27.46800041,28.4109993,28.51600075,27.48399925,26.39900017,26.73999977,27.59900093,28.40099907,28.16200066,27.80400085,27.59700012,27.27099991,26.91200066,26.99300003,26.9640007
Netherlands,"Employment to population ratio, ages 15-24, female (%) (modeled ILO estimate)",66.70200348,69,68.9489975,68.15000153,65.8219986,64.85700226,65.10099792,67.91899872,68.85099792,68.45700073,63.4620018,62.56900024,62.41999817,60.90599823,58.76599884,61.62599945,62.10800171,63.55899811,65.10600281,64.78800201
Norway,"Employment to population ratio, ages 15-24, female (%) (modeled ILO estimate)",56.48300171,56.81000137,57.78099823,55.48199844,56.43700027,53.0320015,53.18799973,56.49300003,58.30899811,54.4070015,52.49200058,52.0019989,53.70999908,53.66899872,52.07799911,51.76900101,50.13399887,49.18000031,49.41699982,48.77000046
Nepal,"Employment to population ratio, ages 15-24, female (%) (modeled ILO estimate)",77.93299866,77.33899689,76.6780014,76.07499695,75.52999878,74.97599792,74.49500275,74.01100159,73.41300201,72.98699951,72.8769989,73.32700348,73.79799652,74.22499847,74.4960022,74.38300323,74.35299683,74.36599731,74.15299988,74.00800323
Nauru,"Employment to population ratio, ages 15-24, female (%) (modeled ILO estimate)",,,,,,,,,,,,,,,,,,,,
New Zealand,"Employment to population ratio, ages 15-24, female (%) (modeled ILO estimate)",52.13600159,52.58399963,53.35900116,53.06800079,52.45000076,53.13299942,55.10800171,55.55599976,53.48300171,48.18700027,47.23500061,46.95800018,45.91400146,46.80099869,48.74000168,51.04499817,51.90800095,53.14400101,53.9469986,53.42300034
OECD members,"Employment to population ratio, ages 15-24, female (%) (modeled ILO estimate)",40.25132141,39.75367904,38.97181775,38.01891573,37.7654362,38.48931715,38.73276368,38.87146386,38.4453304,36.51393196,35.54240717,35.32347783,35.2463426,35.41588508,35.8007015,36.50200811,37.17577265,37.81410065,38.09026442,37.85090442
Oman,"Employment to population ratio, ages 15-24, female (%) (modeled ILO estimate)",20.06800079,19.86499977,19.92300034,20.03300095,19.01600075,18.0739994,17.38299942,16.7329998,16.07600021,14.9989996,14.22700024,13.70499992,13.18700027,12.47299957,12.09200001,11.63899994,10.81000042,10.74699974,10.29899979,9.847000122
Other small states,"Employment to population ratio, ages 15-24, female (%) (modeled ILO estimate)",26.26255006,25.78736336,25.14379767,24.89347427,25.16971601,25.40248935,25.85416353,26.13148705,26.28547253,25.18106192,24.62715782,24.44789082,24.63535665,24.61230259,24.9354531,25.20870204,25.14379142,25.2867943,25.33956003,25.11438743
Pakistan,"Employment to population ratio, ages 15-24, female (%) (modeled ILO estimate)",10.24400043,12.18200016,14.65400028,15.29699993,15.97200012,16.38999939,16.83699989,16.83499908,17.17099953,18.36700058,18.96199989,18.88599968,18.7859993,18.54000092,19.26000023,18.74799919,18.59499931,18.52400017,18.86700058,19.09600067
Panama,"Employment to population ratio, ages 15-24, female (%) (modeled ILO estimate)",31.89500046,31.14699936,30.37000084,31.67000008,30.35700035,31.71199989,29.40600014,29.1760006,30.30800056,28.11000061,26.40099907,25.42200089,28.54700089,30.70299911,28.53100014,26.75499916,27.87999916,29.2159996,29.52099991,29.12800026
Peru,"Employment to population ratio, ages 15-24, female (%) (modeled ILO estimate)",41.87099838,45.39400101,49.0320015,52.25799942,53.95700073,51.0890007,53.47399902,56.32899857,57.04399872,57.84600067,59.37400055,57.2840004,56.9090004,57.27199936,54.50400162,52.0719986,50.56499863,52.23699951,53.64699936,53.48899841
Philippines,"Employment to population ratio, ages 15-24, female (%) (modeled ILO estimate)",31.16900063,31.1760006,30.5,29.81500053,29.48900032,30.17300034,29.88999939,29.95499992,28.86199951,29.28800011,29.30699921,30.11800003,29.88100052,29.36800003,30.02700043,29.19499969,28.39599991,26.00900078,26.33499908,26.1779995
Palau,"Employment to population ratio, ages 15-24, female (%) (modeled ILO estimate)",,,,,,,,,,,,,,,,,,,,
Papua New Guinea,"Employment to population ratio, ages 15-24, female (%) (modeled ILO estimate)",58.13700104,56.26599884,54.22499847,52.29299927,50.37799835,48.4070015,46.45199966,44.41400146,42.32699966,39.99900055,37.87400055,37.79399872,37.46300125,37.19400024,35.96900177,35.12200165,35.17699814,35.24200058,35.02099991,34.8219986
Poland,"Employment to population ratio, ages 15-24, female (%) (modeled ILO estimate)",20.59799957,21.6590004,19.81900024,18.52499962,18.36899948,19.72599983,21.16300011,22.46999931,23.81299973,23.29299927,22.17900085,20.03499985,19.92900085,19.66300011,21.60499954,21.61300087,23.98800087,25.52700043,26.29100037,26.0529995
Pre-demographic dividend,"Employment to population ratio, ages 15-24, female (%) (modeled ILO estimate)",41.89957002,41.71543436,41.38515022,41.15214045,41.08855259,40.7636146,40.55259813,40.36460644,39.86373775,38.81443772,37.9675221,37.5333078,37.06988185,36.67253079,36.45315819,36.11588508,35.86459056,35.94530997,35.85096037,35.75510907
Puerto Rico,"Employment to population ratio, ages 15-24, female (%) (modeled ILO estimate)",22.6779995,21.05900002,19.64599991,19.13100052,19.34300041,18.43199921,17.83499908,17.96899986,17.11700058,15.54800034,15.03499985,14.69400024,14.61299992,14.41899967,14.27000046,14.51299953,14.16399956,13.76900005,13.42199993,13.22999954
"Korea, Dem. Peoples Rep.","Employment to population ratio, ages 15-24, female (%) (modeled ILO estimate)",71.24700165,71.10399628,70.8769989,71.04499817,71.21299744,71.37799835,71.65000153,71.7990036,71.80599976,71.30000305,71.04000092,70.95200348,71.27400208,71.16999817,71.19599915,71.15200043,71.17500305,71.19000244,71.04799652,70.93399811
Portugal,"Employment to population ratio, ages 15-24, female (%) (modeled ILO estimate)",35.10300064,36.51699829,36.66699982,34.43099976,31.9470005,30.90399933,30.93899918,30.53000069,30.78300095,29.50099945,26.12199974,24.42200089,20.99799919,20.17200089,21.68199921,21.59199905,22.55999947,24.47999954,25.71999931,26.48200035
Paraguay,"Employment to population ratio, ages 15-24, female (%) (modeled ILO estimate)",37.3390007,36.76599884,36.375,35.04899979,38.23500061,38.35900116,38.36299896,36.57799911,39.38700104,41.56700134,38.04499817,39.40999985,41.35100174,42.1570015,37.04899979,36.43399811,38.45899963,37.9640007,37.39300156,37.47100067
West Bank and Gaza,"Employment to population ratio, ages 15-24, female (%) (modeled ILO estimate)",5.749000072,4.15500021,3.852999926,4.477000237,4.190000057,3.913000107,4.472000122,4.725999832,4.918000221,5.008999825,4.162000179,4.462999821,3.538000107,3.072000027,3.885999918,4.589000225,4.203000069,3.73300004,3.426000118,3.637000084
Pacific island small states,"Employment to population ratio, ages 15-24, female (%) (modeled ILO estimate)",32.65166832,32.84551081,32.87032813,32.62260075,32.51314507,32.39628222,32.76432592,32.9706784,33.02489206,33.19934293,33.32748522,33.19150193,33.30585591,33.77329871,34.10101004,33.97543697,33.7179721,33.79977255,33.91601976,33.96955728
Post-demographic dividend,"Employment to population ratio, ages 15-24, female (%) (modeled ILO estimate)",42.71388812,42.40278431,41.83390238,41.2525525,41.18234114,41.59211181,41.78873781,41.91135783,41.47920956,39.44173008,38.09771639,37.90733486,37.70956878,37.95803282,38.41591079,39.23435443,39.96150901,40.80068977,41.06835096,40.84933964
French Polynesia,"Employment to population ratio, ages 15-24, female (%) (modeled ILO estimate)",19.05599976,19.22400093,19.64999962,19.38199997,19.06900024,18.83200073,18.9659996,19.03700066,19.85700035,19.85400009,20.21500015,20.38699913,20.79100037,20.56599998,20.41200066,20.30800056,20.38599968,20.4260006,20.44099998,20.46100044
Qatar,"Employment to population ratio, ages 15-24, female (%) (modeled ILO estimate)",24.24399948,25.63299942,25.99099922,25.93199921,24.85099983,25.35700035,27.84499931,30.21100044,31.25799942,30.58499908,30.3010006,29.75600052,31.89699936,34.87900162,37.87099838,40.33300018,39.72700119,38.67499924,37.67900085,36.79499817
Romania,"Employment to population ratio, ages 15-24, female (%) (modeled ILO estimate)",31.76399994,30.23900032,25.55400085,23.37199974,25.57699966,21.60899925,20.7310009,20.21899986,20.03700066,20.23699951,20.06299973,19.91699982,19.74900055,18.78899956,18.19400024,19.57500076,17.22900009,20.61800003,21.23500061,21.10700035
Russian Federation,"Employment to population ratio, ages 15-24, female (%) (modeled ILO estimate)",30.85700035,29.66799927,30.95299911,29.29299927,29.06200027,29.93799973,29.76600075,31.20700073,32.20600128,31.53800011,30.65800095,31.13500023,29.68700027,30.0739994,29.01399994,27.74300003,27.07600021,25.48600006,24.70000076,23.77300072
Rwanda,"Employment to population ratio, ages 15-24, female (%) (modeled ILO estimate)",75.35500336,74.61799622,73.88800049,73.20200348,72.5719986,71.95500183,71.41400146,70.89299774,70.26499939,69.13800049,68.10500336,67.03199768,65.8239975,64.45999908,63.18000031,62.85200119,62.58100128,62.45399857,62.31100082,62.15000153
South Asia,"Employment to population ratio, ages 15-24, female (%) (modeled ILO estimate)",21.9474041,22.08189299,22.22748003,22.21328739,22.13872298,22.02715386,21.16695142,20.31405825,19.51042058,18.67989429,17.98947153,16.9782114,16.07635269,15.93972166,15.91922139,15.6609408,15.36905214,15.25472694,15.16487002,15.05094099
Saudi Arabia,"Employment to population ratio, ages 15-24, female (%) (modeled ILO estimate)",5.281000137,4.947999954,4.451000214,4.388000011,4.290999889,4.237999916,4.293000221,3.825999975,3.40199995,2.86500001,3.323999882,3.84800005,3.779000044,4.164999962,3.838000059,3.621000051,4.566999912,4.934000015,4.918000221,4.877999783
Sudan,"Employment to population ratio, ages 15-24, female (%) (modeled ILO estimate)",14.35299969,13.86999989,13.37199974,12.85299969,12.44699955,12.06000042,11.83399963,11.48099995,11.04599953,9.664999962,9.484000206,9.496999741,9.437000275,9.324999809,9.149000168,9.06000042,9.029000282,9.027999878,8.914999962,8.786000252
Senegal,"Employment to population ratio, ages 15-24, female (%) (modeled ILO estimate)",23.18700027,23.06900024,22.88800049,22.18199921,21.45899963,20.78000069,20.28199959,20.41500092,20.33399963,19.68400002,19.4810009,19.40800095,20.02799988,20.43199921,20.81100082,21.10199928,21.10300064,21.09300041,20.79800034,20.48900032
Singapore,"Employment to population ratio, ages 15-24, female (%) (modeled ILO estimate)",38.52000046,37.3390007,31.30500031,32.70299911,32.67100143,32.66899872,33.77500153,34.02500153,34.61999893,29.91900063,33.78499985,31.1970005,32.16500092,30.65600014,33.63000107,36.19499969,33.61000061,33.76800156,33.85499954,33.83800125
Solomon Islands,"Employment to population ratio, ages 15-24, female (%) (modeled ILO estimate)",55.16500092,56.61399841,57.06000137,56.51300049,56.125,55.81800079,55.55500031,55.19400024,54.60200119,55.26699829,54.92699814,53.23199844,52.6570015,52.60100174,52.625,52.49200058,52.46300125,52.5,52.38199997,52.25999832
Sierra Leone,"Employment to population ratio, ages 15-24, female (%) (modeled ILO estimate)",43.98500061,44.14899826,44.18600082,44.24399948,47.31200027,45.75999832,44.27299881,42.79499817,41.24599838,39.45899963,38.06000137,36.63800049,35.14799881,33.64300156,32.25799942,31.98200035,31.85499954,31.85099983,31.68400002,31.48500061
El Salvador,"Employment to population ratio, ages 15-24, female (%) (modeled ILO estimate)",30.10700035,28.52199936,28.81999969,30.83799934,29.15200043,29.03300095,30.27700043,28.43899918,28.5189991,27.60499954,26.45599937,27.31200027,28.26399994,27.99699974,26.95299911,25.98999977,27.03899956,27.47900009,27.81800079,27.8579998
San Marino,"Employment to population ratio, ages 15-24, female (%) (modeled ILO estimate)",,,,,,,,,,,,,,,,,,,,
Somalia,"Employment to population ratio, ages 15-24, female (%) (modeled ILO estimate)",9.144000053,8.909000397,8.727000237,8.67800045,8.670999527,8.701999664,8.817000389,8.954999924,9.005999565,8.881999969,8.977999687,9.024999619,9.159000397,9.30700016,9.519000053,9.694000244,9.840999603,10.02999973,10.07600021,10.1239996
Serbia,"Employment to population ratio, ages 15-24, female (%) (modeled ILO estimate)",25.11100006,24.32600021,22.98399925,21.94400024,17.03199959,14.57199955,13.32800007,14.76599979,15.82199955,13.56799984,11.76099968,9.246999741,9.359000206,9.869999886,10.65499973,11.37300014,13.89299965,14.86699963,14.71800041,14.56900024
Sub-Saharan Africa (excluding high income),"Employment to population ratio, ages 15-24, female (%) (modeled ILO estimate)",44.10495719,43.93940815,43.60707564,43.38835342,43.40087776,43.1840319,43.12964869,42.99000886,42.84036232,41.84499771,41.09611331,40.80397352,40.45831643,40.20215449,39.99385437,39.70156352,39.4061064,39.46681299,39.4047327,39.32288561
South Sudan,"Employment to population ratio, ages 15-24, female (%) (modeled ILO estimate)",54.33499908,54.39599991,54.13399887,53.97100067,53.92200089,53.9659996,54.32099915,54.66500092,54.72900009,53.66400146,53.43500137,53.47800064,53.38100052,53.10800171,53.13499832,52.57600021,52.57799911,52.52099991,52.44100189,52.35699844
Sub-Saharan Africa,"Employment to population ratio, ages 15-24, female (%) (modeled ILO estimate)",44.10495719,43.93940815,43.60707564,43.38835342,43.40087776,43.1840319,43.12964869,42.99000886,42.84036232,41.84499771,41.09611331,40.80397352,40.45831643,40.20215449,39.99385437,39.70156352,39.4061064,39.46681299,39.4047327,39.32288561
Small states,"Employment to population ratio, ages 15-24, female (%) (modeled ILO estimate)",26.32388017,26.20250639,25.87261936,25.883266,25.94199309,26.15999588,26.70811613,26.85737013,26.93703638,25.81811741,25.17558523,24.94757581,25.01831999,24.88221372,25.22330512,25.53455138,25.55437387,25.64351121,25.81431779,25.64195616
Sao Tome and Principe,"Employment to population ratio, ages 15-24, female (%) (modeled ILO estimate)",19.0359993,15.72200012,15.15600014,14.80799961,15.06900024,14.45400047,14.49800014,15.37100029,16.3920002,16.1779995,16.7859993,16.77199936,16.71500015,16.34600067,16.14599991,16.05800056,15.91300011,15.9460001,15.84300041,15.77099991
Suriname,"Employment to population ratio, ages 15-24, female (%) (modeled ILO estimate)",8.37100029,9.046999931,9.744999886,10.55599976,11.60000038,11.93999958,12.20600033,12.82299995,13.03899956,12.77000046,14.31400013,12.68099976,13.40699959,13.45800018,13.49600029,15.2159996,14.80300045,14.48900032,13.96100044,13.95199966
Slovak Republic,"Employment to population ratio, ages 15-24, female (%) (modeled ILO estimate)",27.85899925,26.99099922,25.01000023,25.71199989,24.84499931,23.13400078,22.48999977,24.10499954,21.42300034,18.62000084,17.35700035,15.02400017,15.89500046,16.16799927,16.38999939,17.99300003,18.31800079,21.3010006,21.22500038,20.90399933
Slovenia,"Employment to population ratio, ages 15-24, female (%) (modeled ILO estimate)",27.57099915,26.00799942,27.19799995,23.23500061,29.05500031,30.00200081,30.9659996,32.00099945,33.46900177,31.1779995,30.37199974,26.97699928,24.19000053,23.15699959,23.92499924,26.73699951,25.66900063,30.75099945,30.68000031,29.93199921
Sweden,"Employment to population ratio, ages 15-24, female (%) (modeled ILO estimate)",48.22000122,46.88299942,44.11899948,43.91199875,39.72499847,39.84000015,40.68399811,42.67399979,42.34700012,39.0320015,39.17499924,40.88499832,41.49599838,43.08100128,44.5359993,46.16699982,46.77899933,46.63999939,47.00999832,45.65000153
Eswatini,"Employment to population ratio, ages 15-24, female (%) (modeled ILO estimate)",15.05500031,14.69299984,14.04500008,13.47099972,13.22900009,12.93400002,12.77299976,12.7670002,13.26599979,13.00699997,13.15400028,13.47399998,13.77400017,13.90400028,14.25899982,14.68599987,15.12199974,15.22399998,14.86100006,14.36499977
Sint Maarten (Dutch part),"Employment to population ratio, ages 15-24, female (%) (modeled ILO estimate)",,,,,,,,,,,,,,,,,,,,
Seychelles,"Employment to population ratio, ages 15-24, female (%) (modeled ILO estimate)",,,,,,,,,,,,,,,,,,,,
Syrian Arab Republic,"Employment to population ratio, ages 15-24, female (%) (modeled ILO estimate)",12.21100044,10.13500023,10.43500042,12.83500004,10.6789999,8.88599968,7.495999813,6.09800005,6.028999805,5.302000046,5.135000229,5.084000111,5.017000198,4.956999779,4.902999878,4.84800005,4.877999783,4.974999905,4.936999798,4.847000122
Turks and Caicos Islands,"Employment to population ratio, ages 15-24, female (%) (modeled ILO estimate)",,,,,,,,,,,,,,,,,,,,
Chad,"Employment to population ratio, ages 15-24, female (%) (modeled ILO estimate)",56.89899826,57.05799866,57.12200165,57.10200119,56.98500061,56.8730011,56.96500015,56.96900177,56.81800079,56.26200104,56.02000046,55.75,55.5340004,54.96900177,54.74300003,54.31499863,53.86100006,53.80199814,53.70199966,53.51300049
East Asia & Pacific (IDA & IBRD countries),"Employment to population ratio, ages 15-24, female (%) (modeled ILO estimate)",57.07112244,54.85254217,52.9493972,51.08602292,49.9300353,48.54346769,47.84916658,47.53494898,46.82412638,46.20619021,45.39693499,44.56133107,43.90998735,42.78914047,41.76751423,40.64543639,39.62469336,39.11057488,38.51985123,37.93948281
Europe & Central Asia (IDA & IBRD countries),"Employment to population ratio, ages 15-24, female (%) (modeled ILO estimate)",27.97805389,27.61254132,27.56504264,26.54289459,26.33592371,26.44340034,26.59057995,27.327956,27.87559321,27.33345811,26.8996142,27.08749362,26.29709284,26.36676039,26.03430459,26.02708488,25.95334221,25.85526772,25.57942374,24.99648931
Togo,"Employment to population ratio, ages 15-24, female (%) (modeled ILO estimate)",67.77799988,67.66100311,67.48699951,67.35900116,67.29399872,67.22599792,67.42900085,66.76200104,65.93599701,64.7990036,63.81499863,62.89099884,62.80500031,62.74399948,62.61899948,62.47900009,62.29399872,62.06100082,61.81299973,61.5870018
Thailand,"Employment to population ratio, ages 15-24, female (%) (modeled ILO estimate)",45.47499847,43.79100037,43.3429985,42.24200058,43.125,43.50799942,38.37099838,40.28699875,38.74499893,38.99399948,37.42699814,37.63499832,36.97499847,33.78699875,33.13600159,32.63299942,32.32400131,32.22100067,32.16999817,32.04299927
Tajikistan,"Employment to population ratio, ages 15-24, female (%) (modeled ILO estimate)",15.67700005,15.77900028,15.81900024,15.94099998,16.13599968,16.34399986,16.79899979,17.16699982,17.30200005,17.18700027,17.17099953,17.14299965,16.99799919,16.81599998,16.74200058,16.74200058,16.76099968,16.75099945,16.72400093,16.64299965
Turkmenistan,"Employment to population ratio, ages 15-24, female (%) (modeled ILO estimate)",28.80500031,29.31699944,29.66699982,30.06100082,30.5170002,30.99399948,31.62899971,32.2859993,32.90999985,33.18500137,33.63800049,33.88199997,34.18500137,34.48799896,34.73899841,34.82099915,34.74000168,34.48899841,33.98699951,33.52899933
Latin America & the Caribbean (IDA & IBRD countries),"Employment to population ratio, ages 15-24, female (%) (modeled ILO estimate)",33.01199425,33.34692565,33.3676323,32.95790299,33.80582895,34.44517216,34.77738872,35.06152097,35.04442122,33.96314535,33.81764592,33.58481556,33.8443906,33.25855114,32.72248223,31.74492577,30.9946214,30.89763572,31.00823114,30.94866935
Timor-Leste,"Employment to population ratio, ages 15-24, female (%) (modeled ILO estimate)",34.07799911,31.92200089,27.86599922,24.36100006,21.56500053,18.83499908,16.39599991,14.10099983,12.04300022,10.13599968,8.583000183,8.274999619,8.034999847,7.915999889,7.84499979,7.824999809,7.962999821,8.31799984,8.380999565,8.394000053
Middle East & North Africa (IDA & IBRD countries),"Employment to population ratio, ages 15-24, female (%) (modeled ILO estimate)",10.40978813,9.953995749,10.86797169,11.04998453,10.95095403,10.52339301,10.13492707,9.934962941,9.162470142,9.082449801,8.399807132,7.966917443,7.513497205,7.727183919,7.654678065,7.962260767,7.925227529,7.81531289,7.553209039,7.321780337
Tonga,"Employment to population ratio, ages 15-24, female (%) (modeled ILO estimate)",22.79100037,22.62800026,22.4829998,22.63199997,24.41399956,25.54299927,26.40699959,26.23600006,25.09900093,24.04000092,23.45299911,23.30599976,23.63999939,24.41900063,24.68000031,24.60400009,24.55999947,24.42399979,24.25499916,24.12199974
South Asia (IDA & IBRD),"Employment to population ratio, ages 15-24, female (%) (modeled ILO estimate)",21.9474041,22.08189299,22.22748003,22.21328739,22.13872298,22.02715386,21.16695142,20.31405825,19.51042058,18.67989429,17.98947153,16.9782114,16.07635269,15.93972166,15.91922139,15.6609408,15.36905214,15.25472694,15.16487002,15.05094099
Sub-Saharan Africa (IDA & IBRD countries),"Employment to population ratio, ages 15-24, female (%) (modeled ILO estimate)",44.10495719,43.93940815,43.60707564,43.38835342,43.40087776,43.1840319,43.12964869,42.99000886,42.84036232,41.84499771,41.09611331,40.80397352,40.45831643,40.20215449,39.99385437,39.70156352,39.4061064,39.46681299,39.4047327,39.32288561
Trinidad and Tobago,"Employment to population ratio, ages 15-24, female (%) (modeled ILO estimate)",37.62099838,37.92200089,38.44499969,39.86800003,41.25500107,42.63000107,43.83200073,42.125,40.81700134,37.83100128,33.94499969,33.35599899,34.35800171,35.6269989,34.17599869,33.6780014,32.5,31.18700027,30.38299942,29.67900085
Tunisia,"Employment to population ratio, ages 15-24, female (%) (modeled ILO estimate)",17.70499992,17.31200027,16.64299965,16.00799942,15.46000004,15.38599968,14.53999996,15.0909996,14.85000038,13.39299965,13.59899998,11.2489996,13.23999977,13.27099991,13.6260004,13.23400021,12.8409996,12.82999992,12.84000015,12.82600021
Turkey,"Employment to population ratio, ages 15-24, female (%) (modeled ILO estimate)",24.55900002,24.13999939,23.83799934,21.56399918,19.74900055,19.43099976,19.3560009,19.43099976,19.89299965,19.52099991,20.45899963,21.47400093,21.01799965,21.82299995,22.23800087,23.26199913,23.45899963,23.31399918,23.67000008,23.3239994
Tuvalu,"Employment to population ratio, ages 15-24, female (%) (modeled ILO estimate)",,,,,,,,,,,,,,,,,,,,
Tanzania,"Employment to population ratio, ages 15-24, female (%) (modeled ILO estimate)",73.86599731,74.13300323,73.91600037,73.77200317,73.63500214,73.50800323,73.5739975,73.96700287,73.79299927,72.93599701,70.83100128,68.6269989,67.7559967,66.87200165,67.11399841,67.05400085,66.98300171,66.95700073,66.71299744,66.4940033
Uganda,"Employment to population ratio, ages 15-24, female (%) (modeled ILO estimate)",50.11299896,49.68199921,49.15100098,48.99900055,50.16500092,51.01200104,50.72700119,50.52299881,50.11999893,49.19599915,49.08300018,49.10599899,49.08300018,50.31200027,50.12799835,49.91199875,49.73300171,49.56900024,49.4469986,49.34199905
Ukraine,"Employment to population ratio, ages 15-24, female (%) (modeled ILO estimate)",29.95800018,29.55400085,30.22699928,30.71899986,32.26100159,31.04100037,31.1989994,31.64699936,31.71699905,30.97299957,29.43099976,30.55900002,29.32900047,28.44000053,25.18000031,24.67900085,24.02000046,25.04700089,24.28499985,23.67000008
Upper middle income,"Employment to population ratio, ages 15-24, female (%) (modeled ILO estimate)",45.48527369,44.04978513,42.85152971,41.51220739,41.07085274,40.6032042,40.15127357,40.01002348,39.54971161,38.69628827,37.9400008,37.34415752,36.61411608,35.58227422,34.56926616,33.62589131,32.71060444,32.3436766,31.98007506,31.53486771
Uruguay,"Employment to population ratio, ages 15-24, female (%) (modeled ILO estimate)",30.4659996,31.29800034,28.75099945,26.32799911,27.1079998,30.18099976,30.04400063,32.17399979,33.74900055,34.31999969,34.48799896,36.14599991,34.77199936,34.85300064,35.07500076,33.06600189,31.64999962,29.52700043,29.72400093,29.74900055
United States,"Employment to population ratio, ages 15-24, female (%) (modeled ILO estimate)",54.70700073,53.13600159,51.13499832,49.34999847,48.97900009,49.52199936,49.2859993,48.73600006,47.11800003,43.83599854,41.72600174,41.49000168,42.07899857,42.76599884,43.78499985,44.94499969,45.78099823,47.06299973,47.27199936,46.71300125
Uzbekistan,"Employment to population ratio, ages 15-24, female (%) (modeled ILO estimate)",27.43199921,28.10300064,28.58600044,29.21299934,29.93499947,30.66500092,31.43000031,32.06800079,32.22900009,32.27600098,32.23899841,32.64799881,32.87200165,33.05099869,33.0320015,33.07600021,33.09999847,33.2179985,32.97200012,32.60900116
St. Vincent and the Grenadines,"Employment to population ratio, ages 15-24, female (%) (modeled ILO estimate)",24.91300011,25.23399925,25.32999992,25.44199944,25.55999947,25.84799957,26.74500084,27.08499908,27.50300026,26.85199928,26.75799942,26.53800011,26.25900078,25.9640007,25.63999939,24.95499992,24.70000076,24.56200027,24.56900024,24.5340004
"Venezuela, RB","Employment to population ratio, ages 15-24, female (%) (modeled ILO estimate)",24.10700035,24.37100029,21.40600014,20.38599968,22.06800079,25.64299965,26.51000023,26.75499916,27.07099915,24.90399933,23.15299988,25.13199997,23.27599907,22.3029995,22.87899971,22.74300003,22.04999924,21.83799934,21.34900093,21.08499908
British Virgin Islands,"Employment to population ratio, ages 15-24, female (%) (modeled ILO estimate)",,,,,,,,,,,,,,,,,,,,
Virgin Islands (U.S.),"Employment to population ratio, ages 15-24, female (%) (modeled ILO estimate)",25.73699951,25.61800003,25.6779995,25.47900009,25.01799965,24.20199966,23.21299934,21.94000053,20.35099983,18.33499908,17.08399963,15.72099972,14.47500038,13.53999996,12.70100021,11.85700035,11.2489996,10.69299984,10.49199963,10.24100018
Vietnam,"Employment to population ratio, ages 15-24, female (%) (modeled ILO estimate)",62.27700043,60.50999832,60.67499924,59.60400009,58.92699814,57.74100113,56.81800079,56.00600052,55.22200012,55.66400146,54.29100037,52.06600189,51.61299896,53.31299973,53.7159996,53.20999908,51.56999969,51.28699875,50.51699829,49.66199875
Vanuatu,"Employment to population ratio, ages 15-24, female (%) (modeled ILO estimate)",43.88299942,44.73400116,45.94599915,45.82899857,45.86700058,45.70800018,45.21300125,45.23799896,45.18999863,44.98199844,45.20299911,45.06299973,44.79700089,44.6609993,44.625,45.29700089,44.85499954,44.77299881,44.79499817,44.82899857
World,"Employment to population ratio, ages 15-24, female (%) (modeled ILO estimate)",38.09149506,37.35807936,36.79456235,36.10820778,35.83462765,35.49409398,35.11247107,34.84978507,34.3243776,33.38116026,32.59544675,31.93954771,31.34444781,30.89880409,30.53505894,30.1249001,29.73161167,29.65341889,29.50035846,29.26050374
Samoa,"Employment to population ratio, ages 15-24, female (%) (modeled ILO estimate)",16.23399925,15.60700035,15.19099998,14.79399967,14.35700035,13.90999985,13.86200047,13.54500008,13.41800022,13.45100021,13.35200024,12.85900021,12.55000019,12.8579998,12.94400024,12.98200035,12.63599968,12.65600014,12.54100037,12.3920002
Kosovo,"Employment to population ratio, ages 15-24, female (%) (modeled ILO estimate)",,,,,,,,,,,,,,,,,,,,
"Yemen, Rep.","Employment to population ratio, ages 15-24, female (%) (modeled ILO estimate)",16.20599937,15.08899975,14.00300026,13.02900028,12.11999989,11.26299953,10.48900032,9.781000137,9.053999901,8.138999939,7.415999889,6.098999977,4.995999813,4.019999981,3.279999971,3.213999987,3.256000042,3.246000051,3.180000067,3.073999882
South Africa,"Employment to population ratio, ages 15-24, female (%) (modeled ILO estimate)",11.52700043,10.84700012,9.732000351,8.906000137,8.975999832,9.333999634,10.66600037,10.55900002,14.10099983,12.44900036,11.01099968,10.9289999,10.21899986,10.70800018,10.31200027,10.74400043,9.534000397,9.991999626,9.920000076,9.769000053
Zambia,"Employment to population ratio, ages 15-24, female (%) (modeled ILO estimate)",52.06999969,51.09400177,50.14699936,49.4659996,48.63100052,47.61000061,49.76800156,51.07799911,51.9280014,47.41199875,43.02500153,45.15200043,46.52399826,46.27600098,46.12200165,46.09199905,45.93999863,45.84999847,45.70399857,45.6269989
Zimbabwe,"Employment to population ratio, ages 15-24, female (%) (modeled ILO estimate)",59.64400101,60.4109993,61.08200073,62.07300186,63.28900146,63.4129982,63.64599991,63.4620018,62.99599838,62.21900177,61.98799896,61.62400055,61.39099884,61.31600189,61.38399887,61.39300156,61.47800064,61.61000061,61.62400055,61.58499908
